yorum,etiket
Bu ürün çok kaliteli,pozitif
Kumaşı harika,pozitif
Bayıldım,pozitif
Çok memnun kaldım,pozitif
Tam bedenime göre oldu,pozitif
Rengi çok güzel,pozitif
Kumaşı kaliteli,pozitif
Harika bir ürün,pozitif
Beklediğimden daha iyi,pozitif
Fiyatına göre çok iyi,pozitif
Dikişleri sağlam,pozitif
Yumuşak kumaşlı,pozitif
Kalıbı tam oldu,pozitif
Kesinlikle tavsiye ederim,pozitif
Beklediğim gibi geldi,pozitif
Beklediğim gibi gelmedi,negatif
Kalitesi kötü,negatif
İade ettim,negatif
Kumaşı çok kötü,negatif
Hiç beğenmedim,negatif
Bedeni çok dar,negatif
Rengi soluk geldi,negatif
Parasını hak etmiyor,negatif
Dikişleri kötü,negatif
Çok kalitesiz,negatif
Kalıbı yanlış,negatif
Kumaşı ince,negatif
Beklentimi karşılamadı,negatif
Çok kötü ürün,negatif
Kesinlikle tavsiye etmem,negatif